c9ed55d7a9c4ceec9938bd9245a1f24a,share/10.03-c9ed55d7a9c4ceec9938bd9245a1f24a/./backfire_10.03/build_dir/linux-brcm-2.4/vmlinux.elf-debug-info,share/10.03-c9ed55d7a9c4ceec9938bd9245a1f24a/./backfire_10.03/build_dir/linux-brcm-2.4/linux-2.4.37.9,share/10.03-c9ed55d7a9c4ceec9938bd9245a1f24a/./backfire_10.03/build_dir/linux-brcm-2.4/linux-2.4.37.9/vmlinux,share/10.03-c9ed55d7a9c4ceec9938bd9245a1f24a/./backfire_10.03/build_dir/linux-brcm-2.4/linux-2.4.37.9/.config,
c695aab79f654113d5de9a344ca096e8,share/12.09-c695aab79f654113d5de9a344ca096e8/./archive-12.09/build_dir/linux-ramips_rt305x/vmlinux.elf-debug-info,share/12.09-c695aab79f654113d5de9a344ca096e8/./archive-12.09/build_dir/linux-ramips_rt305x/linux-3.3.8,share/12.09-c695aab79f654113d5de9a344ca096e8/./archive-12.09/build_dir/linux-ramips_rt305x/linux-3.3.8/vmlinux,share/12.09-c695aab79f654113d5de9a344ca096e8/./archive-12.09/build_dir/linux-ramips_rt305x/linux-3.3.8/.config,
c771ee4bc428900c59114713e76e54f6,share/15.05-c771ee4bc428900c59114713e76e54f6/./chaos_calmer-15.05/build_dir/target-mipsel_74kc+dsp2_uClibc-0.9.33.2/linux-brcm47xx_mips74k/vmlinux.elf-debug-info,share/15.05-c771ee4bc428900c59114713e76e54f6/./chaos_calmer-15.05/build_dir/target-mipsel_74kc+dsp2_uClibc-0.9.33.2/linux-brcm47xx_mips74k/linux-3.18.20,share/15.05-c771ee4bc428900c59114713e76e54f6/./chaos_calmer-15.05/build_dir/target-mipsel_74kc+dsp2_uClibc-0.9.33.2/linux-brcm47xx_mips74k/linux-3.18.20/vmlinux,share/15.05-c771ee4bc428900c59114713e76e54f6/./chaos_calmer-15.05/build_dir/target-mipsel_74kc+dsp2_uClibc-0.9.33.2/linux-brcm47xx_mips74k/linux-3.18.20/.config,
efbe5459c6beb57ca7b90b9869920929,share/12.09-efbe5459c6beb57ca7b90b9869920929/./archive-12.09/build_dir/linux-adm5120_router_le/vmlinux.elf-debug-info,share/12.09-efbe5459c6beb57ca7b90b9869920929/./archive-12.09/build_dir/linux-adm5120_router_le/linux-3.3.8,share/12.09-efbe5459c6beb57ca7b90b9869920929/./archive-12.09/build_dir/linux-adm5120_router_le/linux-3.3.8/vmlinux,share/12.09-efbe5459c6beb57ca7b90b9869920929/./archive-12.09/build_dir/linux-adm5120_router_le/linux-3.3.8/.config,
2969d81970c0b32c9894903ec3f82900,share/12.09-2969d81970c0b32c9894903ec3f82900/./archive-12.09/build_dir/linux-atheros/vmlinux.elf-debug-info,share/12.09-2969d81970c0b32c9894903ec3f82900/./archive-12.09/build_dir/linux-atheros/linux-3.3.8,share/12.09-2969d81970c0b32c9894903ec3f82900/./archive-12.09/build_dir/linux-atheros/linux-3.3.8/vmlinux,share/12.09-2969d81970c0b32c9894903ec3f82900/./archive-12.09/build_dir/linux-atheros/linux-3.3.8/.config,
61f777e3448c585164904dc93a7fdb32,share/10.03-61f777e3448c585164904dc93a7fdb32/./backfire_10.03/build_dir/linux-ixp4xx_generic/vmlinux.elf-debug-info,share/10.03-61f777e3448c585164904dc93a7fdb32/./backfire_10.03/build_dir/linux-ixp4xx_generic/linux-2.6.32.10,share/10.03-61f777e3448c585164904dc93a7fdb32/./backfire_10.03/build_dir/linux-ixp4xx_generic/linux-2.6.32.10/vmlinux,share/10.03-61f777e3448c585164904dc93a7fdb32/./backfire_10.03/build_dir/linux-ixp4xx_generic/linux-2.6.32.10/.config,
ade8e4a86acb7d97201ef5d25d701279,share/15.05-ade8e4a86acb7d97201ef5d25d701279/./chaos_calmer-15.05/build_dir/target-mipsel_1004kc+dsp_uClibc-0.9.33.2/linux-ramips_mt7621/vmlinux.elf-debug-info,share/15.05-ade8e4a86acb7d97201ef5d25d701279/./chaos_calmer-15.05/build_dir/target-mipsel_1004kc+dsp_uClibc-0.9.33.2/linux-ramips_mt7621/linux-3.18.20,share/15.05-ade8e4a86acb7d97201ef5d25d701279/./chaos_calmer-15.05/build_dir/target-mipsel_1004kc+dsp_uClibc-0.9.33.2/linux-ramips_mt7621/linux-3.18.20/vmlinux,share/15.05-ade8e4a86acb7d97201ef5d25d701279/./chaos_calmer-15.05/build_dir/target-mipsel_1004kc+dsp_uClibc-0.9.33.2/linux-ramips_mt7621/linux-3.18.20/.config,
e0e2511da4d4df77a364d00bc8641f26,share/10.03-e0e2511da4d4df77a364d00bc8641f26/./backfire_10.03/build_dir/linux-ar7/vmlinux.elf-debug-info,share/10.03-e0e2511da4d4df77a364d00bc8641f26/./backfire_10.03/build_dir/linux-ar7/linux-2.6.32.10,share/10.03-e0e2511da4d4df77a364d00bc8641f26/./backfire_10.03/build_dir/linux-ar7/linux-2.6.32.10/vmlinux,share/10.03-e0e2511da4d4df77a364d00bc8641f26/./backfire_10.03/build_dir/linux-ar7/linux-2.6.32.10/.config,
2157dd6d5bccbd14d2241e848fbc82ea,share/10.03-2157dd6d5bccbd14d2241e848fbc82ea/./backfire_10.03/build_dir/linux-adm5120_router_le/vmlinux.elf-debug-info,share/10.03-2157dd6d5bccbd14d2241e848fbc82ea/./backfire_10.03/build_dir/linux-adm5120_router_le/linux-2.6.32.10,share/10.03-2157dd6d5bccbd14d2241e848fbc82ea/./backfire_10.03/build_dir/linux-adm5120_router_le/linux-2.6.32.10/vmlinux,share/10.03-2157dd6d5bccbd14d2241e848fbc82ea/./backfire_10.03/build_dir/linux-adm5120_router_le/linux-2.6.32.10/.config,
362b96275445d9478e9557e671feec93,share/15.05-362b96275445d9478e9557e671feec93/./chaos_calmer-15.05/build_dir/target-mipsel_mips32_uClibc-0.9.33.2/linux-brcm47xx_generic/vmlinux.elf-debug-info,share/15.05-362b96275445d9478e9557e671feec93/./chaos_calmer-15.05/build_dir/target-mipsel_mips32_uClibc-0.9.33.2/linux-brcm47xx_generic/linux-3.18.20,share/15.05-362b96275445d9478e9557e671feec93/./chaos_calmer-15.05/build_dir/target-mipsel_mips32_uClibc-0.9.33.2/linux-brcm47xx_generic/linux-3.18.20/vmlinux,share/15.05-362b96275445d9478e9557e671feec93/./chaos_calmer-15.05/build_dir/target-mipsel_mips32_uClibc-0.9.33.2/linux-brcm47xx_generic/linux-3.18.20/.config,
3b2c7a4017a99c535cb33bc60f4c14d0,share/12.09-3b2c7a4017a99c535cb33bc60f4c14d0/./archive-12.09/build_dir/linux-ar7/vmlinux.elf-debug-info,share/12.09-3b2c7a4017a99c535cb33bc60f4c14d0/./archive-12.09/build_dir/linux-ar7/linux-3.3.8,share/12.09-3b2c7a4017a99c535cb33bc60f4c14d0/./archive-12.09/build_dir/linux-ar7/linux-3.3.8/vmlinux,share/12.09-3b2c7a4017a99c535cb33bc60f4c14d0/./archive-12.09/build_dir/linux-ar7/linux-3.3.8/.config,
aa8dd781166c3167454a6fb090bff031,share/10.03-aa8dd781166c3167454a6fb090bff031/./backfire_10.03/build_dir/linux-brcm47xx/vmlinux.elf-debug-info,share/10.03-aa8dd781166c3167454a6fb090bff031/./backfire_10.03/build_dir/linux-brcm47xx/linux-2.6.32.10,share/10.03-aa8dd781166c3167454a6fb090bff031/./backfire_10.03/build_dir/linux-brcm47xx/linux-2.6.32.10/vmlinux,share/10.03-aa8dd781166c3167454a6fb090bff031/./backfire_10.03/build_dir/linux-brcm47xx/linux-2.6.32.10/.config,
fc954507fe1a9fc828ee2916bf4cb8bd,share/10.03-fc954507fe1a9fc828ee2916bf4cb8bd/./backfire_10.03/build_dir/linux-adm5120_router_le/vmlinux.elf-debug-info,share/10.03-fc954507fe1a9fc828ee2916bf4cb8bd/./backfire_10.03/build_dir/linux-adm5120_router_le/linux-2.6.32.10,share/10.03-fc954507fe1a9fc828ee2916bf4cb8bd/./backfire_10.03/build_dir/linux-adm5120_router_le/linux-2.6.32.10/vmlinux,share/10.03-fc954507fe1a9fc828ee2916bf4cb8bd/./backfire_10.03/build_dir/linux-adm5120_router_le/linux-2.6.32.10/.config,
7518e45578bc7fffd0bdd04fe563eb71,share/12.09-7518e45578bc7fffd0bdd04fe563eb71/./archive-12.09/build_dir/linux-ar71xx_generic/vmlinux.elf-debug-info,share/12.09-7518e45578bc7fffd0bdd04fe563eb71/./archive-12.09/build_dir/linux-ar71xx_generic/linux-3.3.8,share/12.09-7518e45578bc7fffd0bdd04fe563eb71/./archive-12.09/build_dir/linux-ar71xx_generic/linux-3.3.8/vmlinux,share/12.09-7518e45578bc7fffd0bdd04fe563eb71/./archive-12.09/build_dir/linux-ar71xx_generic/linux-3.3.8/.config,
0b231aa8e236684985f52cbf79dc418e,share/15.05-0b231aa8e236684985f52cbf79dc418e/./chaos_calmer-15.05/build_dir/target-mipsel_mips32_uClibc-0.9.33.2/linux-ar7_generic/vmlinux.elf-debug-info,share/15.05-0b231aa8e236684985f52cbf79dc418e/./chaos_calmer-15.05/build_dir/target-mipsel_mips32_uClibc-0.9.33.2/linux-ar7_generic/linux-3.18.20,share/15.05-0b231aa8e236684985f52cbf79dc418e/./chaos_calmer-15.05/build_dir/target-mipsel_mips32_uClibc-0.9.33.2/linux-ar7_generic/linux-3.18.20/vmlinux,share/15.05-0b231aa8e236684985f52cbf79dc418e/./chaos_calmer-15.05/build_dir/target-mipsel_mips32_uClibc-0.9.33.2/linux-ar7_generic/linux-3.18.20/.config,
395207d3722ce32c654a858adfec9029,share/15.05-395207d3722ce32c654a858adfec9029/./chaos_calmer-15.05/build_dir/target-mipsel_mips32_uClibc-0.9.33.2/linux-adm5120_router_le/vmlinux.elf-debug-info,share/15.05-395207d3722ce32c654a858adfec9029/./chaos_calmer-15.05/build_dir/target-mipsel_mips32_uClibc-0.9.33.2/linux-adm5120_router_le/linux-3.18.20,share/15.05-395207d3722ce32c654a858adfec9029/./chaos_calmer-15.05/build_dir/target-mipsel_mips32_uClibc-0.9.33.2/linux-adm5120_router_le/linux-3.18.20/vmlinux,share/15.05-395207d3722ce32c654a858adfec9029/./chaos_calmer-15.05/build_dir/target-mipsel_mips32_uClibc-0.9.33.2/linux-adm5120_router_le/linux-3.18.20/.config,
aef2aee99101287d643ad0dee7fb58fb,share/15.05-aef2aee99101287d643ad0dee7fb58fb/./chaos_calmer-15.05/build_dir/target-mipsel_mips32_uClibc-0.9.33.2/linux-brcm47xx_legacy/vmlinux.elf-debug-info,share/15.05-aef2aee99101287d643ad0dee7fb58fb/./chaos_calmer-15.05/build_dir/target-mipsel_mips32_uClibc-0.9.33.2/linux-brcm47xx_legacy/linux-3.18.20,share/15.05-aef2aee99101287d643ad0dee7fb58fb/./chaos_calmer-15.05/build_dir/target-mipsel_mips32_uClibc-0.9.33.2/linux-brcm47xx_legacy/linux-3.18.20/vmlinux,share/15.05-aef2aee99101287d643ad0dee7fb58fb/./chaos_calmer-15.05/build_dir/target-mipsel_mips32_uClibc-0.9.33.2/linux-brcm47xx_legacy/linux-3.18.20/.config,
0432e31f4e2b38424921fa78247f6b27,share/10.03-0432e31f4e2b38424921fa78247f6b27/./backfire_10.03/build_dir/linux-orion_generic/vmlinux.elf-debug-info,share/10.03-0432e31f4e2b38424921fa78247f6b27/./backfire_10.03/build_dir/linux-orion_generic/linux-2.6.32.10-pure,share/10.03-0432e31f4e2b38424921fa78247f6b27/./backfire_10.03/build_dir/linux-orion_generic/linux-2.6.32.10-pure/vmlinux,share/10.03-0432e31f4e2b38424921fa78247f6b27/./backfire_10.03/build_dir/linux-orion_generic/linux-2.6.32.10-pure/.config,share/10.03-0432e31f4e2b38424921fa78247f6b27/./backfire_10.03/build_dir/linux-orion_generic/linux-2.6.32.10/makeout.txt
bfae3162fb949c343763ad9ea7ab3fe0,share/15.05-bfae3162fb949c343763ad9ea7ab3fe0/./chaos_calmer-15.05/build_dir/target-arm_mpcore_uClibc-0.9.33.2_eabi/linux-oxnas/vmlinux.elf-debug-info,share/15.05-bfae3162fb949c343763ad9ea7ab3fe0/./chaos_calmer-15.05/build_dir/target-arm_mpcore_uClibc-0.9.33.2_eabi/linux-oxnas/linux-3.18.20,share/15.05-bfae3162fb949c343763ad9ea7ab3fe0/./chaos_calmer-15.05/build_dir/target-arm_mpcore_uClibc-0.9.33.2_eabi/linux-oxnas/linux-3.18.20/vmlinux,share/15.05-bfae3162fb949c343763ad9ea7ab3fe0/./chaos_calmer-15.05/build_dir/target-arm_mpcore_uClibc-0.9.33.2_eabi/linux-oxnas/linux-3.18.20/.config,
2529f54b83692eebb2a9a9db2ef50ae6,share/15.05-2529f54b83692eebb2a9a9db2ef50ae6/./chaos_calmer-15.05/build_dir/target-mips_34kc_uClibc-0.9.33.2/linux-ar71xx_generic/vmlinux.elf-debug-info,share/15.05-2529f54b83692eebb2a9a9db2ef50ae6/./chaos_calmer-15.05/build_dir/target-mips_34kc_uClibc-0.9.33.2/linux-ar71xx_generic/linux-3.18.20,share/15.05-2529f54b83692eebb2a9a9db2ef50ae6/./chaos_calmer-15.05/build_dir/target-mips_34kc_uClibc-0.9.33.2/linux-ar71xx_generic/linux-3.18.20/vmlinux,share/15.05-2529f54b83692eebb2a9a9db2ef50ae6/./chaos_calmer-15.05/build_dir/target-mips_34kc_uClibc-0.9.33.2/linux-ar71xx_generic/linux-3.18.20/.config,
cc3a47a374475253f93a08eea6eaadce,share/15.05-cc3a47a374475253f93a08eea6eaadce/./chaos_calmer-15.05/build_dir/target-mips_34kc_uClibc-0.9.33.2/linux-ar71xx_generic/vmlinux.elf-debug-info,share/15.05-cc3a47a374475253f93a08eea6eaadce/./chaos_calmer-15.05/build_dir/target-mips_34kc_uClibc-0.9.33.2/linux-ar71xx_generic/linux-3.18.20,share/15.05-cc3a47a374475253f93a08eea6eaadce/./chaos_calmer-15.05/build_dir/target-mips_34kc_uClibc-0.9.33.2/linux-ar71xx_generic/linux-3.18.20/vmlinux,share/15.05-cc3a47a374475253f93a08eea6eaadce/./chaos_calmer-15.05/build_dir/target-mips_34kc_uClibc-0.9.33.2/linux-ar71xx_generic/linux-3.18.20/.config,
